<?xml version="1.0"?>
<Runs Version="1" Minor="0">
	<Run Id="design_1_PmodGPIO_0_0_synth_1" LaunchDir="C:/Users/abc/Desktop/Modul7_StevenSusanto_1306412035/Modul7_StevenSusanto_1306412035.runs/design_1_PmodGPIO_0_0_synth_1" FlowId="Vivado_Synthesis" FromStepId="vivado" ToStepId="vivado"/>
	<Run Id="design_1_axi_gpio_0_0_synth_1" LaunchDir="C:/Users/abc/Desktop/Modul7_StevenSusanto_1306412035/Modul7_StevenSusanto_1306412035.runs/design_1_axi_gpio_0_0_synth_1" FlowId="Vivado_Synthesis" FromStepId="vivado" ToStepId="vivado"/>
	<Run Id="design_1_xbar_0_synth_1" LaunchDir="C:/Users/abc/Desktop/Modul7_StevenSusanto_1306412035/Modul7_StevenSusanto_1306412035.runs/design_1_xbar_0_synth_1" FlowId="Vivado_Synthesis" FromStepId="vivado" ToStepId="vivado"/>
	<Run Id="impl_1" LaunchDir="C:/Users/abc/Desktop/Modul7_StevenSusanto_1306412035/Modul7_StevenSusanto_1306412035.runs/impl_1" FlowId="Vivado_Implementation" FromStepId="write_bitstream" ToStepId="write_bitstream">
		<Parent Id="design_1_PmodGPIO_0_0_synth_1"/>
		<Parent Id="design_1_axi_gpio_0_0_synth_1"/>
		<Parent Id="design_1_xbar_0_synth_1"/>
	</Run>
</Runs>

